Workbook

Sheet Invoice Data
A1: ACCOUNTS RECEIVABLE — INVOICE TRACKER
A2: Invoice No. | B2: Customer Name | C2: Invoice Date | D2: Due Date | E2: Amount (₹) | F2: Amount Paid (₹) | G2: Balance Due (₹) | H2: Days Overdue | I2: Aging Bucket | J2: Status | K2: Remarks | L2: Priority
A3: INV-1001 | B3: Reliance Retail | C3: 45667 | D3: 45697 | E3: 85000 | F3: 85000 | G3: =E3-F3 -> 0 | H3: =IF(G3>0, MAX(0, TODAY()-D3), 0) -> 0 | I3: =IF(G3<=0,"Paid",IF(H3<=0,"Current (Not Due)",IF(H3<=30,"1-30 Days",IF(H3<=60,"31-60 Days",IF(H3<=90,"61-90 Days","90+ Days"))))) -> Paid | J3: =IF(G3<=0,"Paid",IF(H3<=0,"Current","Overdue")) -> Paid | K3: =IF(I3="Paid","Payment received in full",IF(I3="Current (Not Due)","Within credit period",IF(I3="1-30 Days","Send payment reminder",IF(I3="31-60 Days","Follow-up call required",IF(I3="61-90 Days","Escalate to manager","Legal action / write-off review"))))) -> Payment received in full | L3: =IF(I3="Paid","-",IF(I3="Current (Not Due)","Low",IF(I3="1-30 Days","Low",IF(I3="31-60 Days","Medium",IF(I3="61-90 Days","High","Critical"))))) -> -
A4: INV-1002 | B4: Tata Consumer | C4: 45672 | D4: 45702 | E4: 120000 | F4: 120000 | G4: =E4-F4 -> 0 | H4: =IF(G4>0, MAX(0, TODAY()-D4), 0) -> 0 | I4: =IF(G4<=0,"Paid",IF(H4<=0,"Current (Not Due)",IF(H4<=30,"1-30 Days",IF(H4<=60,"31-60 Days",IF(H4<=90,"61-90 Days","90+ Days"))))) -> Paid | J4: =IF(G4<=0,"Paid",IF(H4<=0,"Current","Overdue")) -> Paid | K4: =IF(I4="Paid","Payment received in full",IF(I4="Current (Not Due)","Within credit period",IF(I4="1-30 Days","Send payment reminder",IF(I4="31-60 Days","Follow-up call required",IF(I4="61-90 Days","Escalate to manager","Legal action / write-off review"))))) -> Payment received in full | L4: =IF(I4="Paid","-",IF(I4="Current (Not Due)","Low",IF(I4="1-30 Days","Low",IF(I4="31-60 Days","Medium",IF(I4="61-90 Days","High","Critical"))))) -> -
A5: INV-1003 | B5: Hindustan Foods | C5: 45677 | D5: 45707 | E5: 67500 | F5: 0 | G5: =E5-F5 -> 67500 | H5: =IF(G5>0, MAX(0, TODAY()-D5), 0) -> 406 | I5: =IF(G5<=0,"Paid",IF(H5<=0,"Current (Not Due)",IF(H5<=30,"1-30 Days",IF(H5<=60,"31-60 Days",IF(H5<=90,"61-90 Days","90+ Days"))))) -> 90+ Days | J5: =IF(G5<=0,"Paid",IF(H5<=0,"Current","Overdue")) -> Overdue | K5: =IF(I5="Paid","Payment received in full",IF(I5="Current (Not Due)","Within credit period",IF(I5="1-30 Days","Send payment reminder",IF(I5="31-60 Days","Follow-up call required",IF(I5="61-90 Days","Escalate to manager","Legal action / write-off review"))))) -> Legal action / write-off review | L5: =IF(I5="Paid","-",IF(I5="Current (Not Due)","Low",IF(I5="1-30 Days","Low",IF(I5="31-60 Days","Medium",IF(I5="61-90 Days","High","Critical"))))) -> Critical
A6: INV-1004 | B6: Marico Ltd | C6: 45682 | D6: 45712 | E6: 95000 | F6: 50000 | G6: =E6-F6 -> 45000 | H6: =IF(G6>0, MAX(0, TODAY()-D6), 0) -> 401 | I6: =IF(G6<=0,"Paid",IF(H6<=0,"Current (Not Due)",IF(H6<=30,"1-30 Days",IF(H6<=60,"31-60 Days",IF(H6<=90,"61-90 Days","90+ Days"))))) -> 90+ Days | J6: =IF(G6<=0,"Paid",IF(H6<=0,"Current","Overdue")) -> Overdue | K6: =IF(I6="Paid","Payment received in full",IF(I6="Current (Not Due)","Within credit period",IF(I6="1-30 Days","Send payment reminder",IF(I6="31-60 Days","Follow-up call required",IF(I6="61-90 Days","Escalate to manager","Legal action / write-off review"))))) -> Legal action / write-off review | L6: =IF(I6="Paid","-",IF(I6="Current (Not Due)","Low",IF(I6="1-30 Days","Low",IF(I6="31-60 Days","Medium",IF(I6="61-90 Days","High","Critical"))))) -> Critical
A7: INV-1005 | B7: Dabur India | C7: 45689 | D7: 45718 | E7: 43000 | F7: 43000 | G7: =E7-F7 -> 0 | H7: =IF(G7>0, MAX(0, TODAY()-D7), 0) -> 0 | I7: =IF(G7<=0,"Paid",IF(H7<=0,"Current (Not Due)",IF(H7<=30,"1-30 Days",IF(H7<=60,"31-60 Days",IF(H7<=90,"61-90 Days","90+ Days"))))) -> Paid | J7: =IF(G7<=0,"Paid",IF(H7<=0,"Current","Overdue")) -> Paid | K7: =IF(I7="Paid","Payment received in full",IF(I7="Current (Not Due)","Within credit period",IF(I7="1-30 Days","Send payment reminder",IF(I7="31-60 Days","Follow-up call required",IF(I7="61-90 Days","Escalate to manager","Legal action / write-off review"))))) -> Payment received in full | L7: =IF(I7="Paid","-",IF(I7="Current (Not Due)","Low",IF(I7="1-30 Days","Low",IF(I7="31-60 Days","Medium",IF(I7="61-90 Days","High","Critical"))))) -> -
A8: INV-1006 | B8: ITC Ltd | C8: 45693 | D8: 45724 | E8: 78000 | F8: 0 | G8: =E8-F8 -> 78000 | H8: =IF(G8>0, MAX(0, TODAY()-D8), 0) -> 389 | I8: =IF(G8<=0,"Paid",IF(H8<=0,"Current (Not Due)",IF(H8<=30,"1-30 Days",IF(H8<=60,"31-60 Days",IF(H8<=90,"61-90 Days","90+ Days"))))) -> 90+ Days | J8: =IF(G8<=0,"Paid",IF(H8<=0,"Current","Overdue")) -> Overdue | K8: =IF(I8="Paid","Payment received in full",IF(I8="Current (Not Due)","Within credit period",IF(I8="1-30 Days","Send payment reminder",IF(I8="31-60 Days","Follow-up call required",IF(I8="61-90 Days","Escalate to manager","Legal action / write-off review"))))) -> Legal action / write-off review | L8: =IF(I8="Paid","-",IF(I8="Current (Not Due)","Low",IF(I8="1-30 Days","Low",IF(I8="31-60 Days","Medium",IF(I8="61-90 Days","High","Critical"))))) -> Critical
A9: INV-1007 | B9: Nestle India | C9: 45698 | D9: 45727 | E9: 155000 | F9: 155000 | G9: =E9-F9 -> 0 | H9: =IF(G9>0, MAX(0, TODAY()-D9), 0) -> 0 | I9: =IF(G9<=0,"Paid",IF(H9<=0,"Current (Not Due)",IF(H9<=30,"1-30 Days",IF(H9<=60,"31-60 Days",IF(H9<=90,"61-90 Days","90+ Days"))))) -> Paid | J9: =IF(G9<=0,"Paid",IF(H9<=0,"Current","Overdue")) -> Paid | K9: =IF(I9="Paid","Payment received in full",IF(I9="Current (Not Due)","Within credit period",IF(I9="1-30 Days","Send payment reminder",IF(I9="31-60 Days","Follow-up call required",IF(I9="61-90 Days","Escalate to manager","Legal action / write-off review"))))) -> Payment received in full | L9: =IF(I9="Paid","-",IF(I9="Current (Not Due)","Low",IF(I9="1-30 Days","Low",IF(I9="31-60 Days","Medium",IF(I9="61-90 Days","High","Critical"))))) -> -
A10: INV-1008 | B10: Emami Ltd | C10: 45700 | D10: 45729 | E10: 32000 | F10: 0 | G10: =E10-F10 -> 32000 | H10: =IF(G10>0, MAX(0, TODAY()-D10), 0) -> 384 | I10: =IF(G10<=0,"Paid",IF(H10<=0,"Current (Not Due)",IF(H10<=30,"1-30 Days",IF(H10<=60,"31-60 Days",IF(H10<=90,"61-90 Days","90+ Days"))))) -> 90+ Days | J10: =IF(G10<=0,"Paid",IF(H10<=0,"Current","Overdue")) -> Overdue | K10: =IF(I10="Paid","Payment received in full",IF(I10="Current (Not Due)","Within credit period",IF(I10="1-30 Days","Send payment reminder",IF(I10="31-60 Days","Follow-up call required",IF(I10="61-90 Days","Escalate to manager","Legal action / write-off review"))))) -> Legal action / write-off review | L10: =IF(I10="Paid","-",IF(I10="Current (Not Due)","Low",IF(I10="1-30 Days","Low",IF(I10="31-60 Days","Medium",IF(I10="61-90 Days","High","Critical"))))) -> Critical
A11: INV-1009 | B11: Godrej Consumer | C11: 45703 | D11: 45732 | E11: 61000 | F11: 30000 | G11: =E11-F11 -> 31000 | H11: =IF(G11>0, MAX(0, TODAY()-D11), 0) -> 381 | I11: =IF(G11<=0,"Paid",IF(H11<=0,"Current (Not Due)",IF(H11<=30,"1-30 Days",IF(H11<=60,"31-60 Days",IF(H11<=90,"61-90 Days","90+ Days"))))) -> 90+ Days | J11: =IF(G11<=0,"Paid",IF(H11<=0,"Current","Overdue")) -> Overdue | K11: =IF(I11="Paid","Payment received in full",IF(I11="Current (Not Due)","Within credit period",IF(I11="1-30 Days","Send payment reminder",IF(I11="31-60 Days","Follow-up call required",IF(I11="61-90 Days","Escalate to manager","Legal action / write-off review"))))) -> Legal action / write-off review | L11: =IF(I11="Paid","-",IF(I11="Current (Not Due)","Low",IF(I11="1-30 Days","Low",IF(I11="31-60 Days","Medium",IF(I11="61-90 Days","High","Critical"))))) -> Critical
A12: INV-1010 | B12: Britannia Inds | C12: 45706 | D12: 45735 | E12: 89000 | F12: 0 | G12: =E12-F12 -> 89000 | H12: =IF(G12>0, MAX(0, TODAY()-D12), 0) -> 378 | I12: =IF(G12<=0,"Paid",IF(H12<=0,"Current (Not Due)",IF(H12<=30,"1-30 Days",IF(H12<=60,"31-60 Days",IF(H12<=90,"61-90 Days","90+ Days"))))) -> 90+ Days | J12: =IF(G12<=0,"Paid",IF(H12<=0,"Current","Overdue")) -> Overdue | K12: =IF(I12="Paid","Payment received in full",IF(I12="Current (Not Due)","Within credit period",IF(I12="1-30 Days","Send payment reminder",IF(I12="31-60 Days","Follow-up call required",IF(I12="61-90 Days","Escalate to manager","Legal action / write-off review"))))) -> Legal action / write-off review | L12: =IF(I12="Paid","-",IF(I12="Current (Not Due)","Low",IF(I12="1-30 Days","Low",IF(I12="31-60 Days","Medium",IF(I12="61-90 Days","High","Critical"))))) -> Critical
A13: INV-1011 | B13: Colgate Palmolive | C13: 45708 | D13: 45737 | E13: 47000 | F13: 47000 | G13: =E13-F13 -> 0 | H13: =IF(G13>0, MAX(0, TODAY()-D13), 0) -> 0 | I13: =IF(G13<=0,"Paid",IF(H13<=0,"Current (Not Due)",IF(H13<=30,"1-30 Days",IF(H13<=60,"31-60 Days",IF(H13<=90,"61-90 Days","90+ Days"))))) -> Paid | J13: =IF(G13<=0,"Paid",IF(H13<=0,"Current","Overdue")) -> Paid | K13: =IF(I13="Paid","Payment received in full",IF(I13="Current (Not Due)","Within credit period",IF(I13="1-30 Days","Send payment reminder",IF(I13="31-60 Days","Follow-up call required",IF(I13="61-90 Days","Escalate to manager","Legal action / write-off review"))))) -> Payment received in full | L13: =IF(I13="Paid","-",IF(I13="Current (Not Due)","Low",IF(I13="1-30 Days","Low",IF(I13="31-60 Days","Medium",IF(I13="61-90 Days","High","Critical"))))) -> -
A14: INV-1012 | B14: P&G India | C14: 45710 | D14: 45741 | E14: 112000 | F14: 0 | G14: =E14-F14 -> 112000 | H14: =IF(G14>0, MAX(0, TODAY()-D14), 0) -> 372 | I14: =IF(G14<=0,"Paid",IF(H14<=0,"Current (Not Due)",IF(H14<=30,"1-30 Days",IF(H14<=60,"31-60 Days",IF(H14<=90,"61-90 Days","90+ Days"))))) -> 90+ Days | J14: =IF(G14<=0,"Paid",IF(H14<=0,"Current","Overdue")) -> Overdue | K14: =IF(I14="Paid","Payment received in full",IF(I14="Current (Not Due)","Within credit period",IF(I14="1-30 Days","Send payment reminder",IF(I14="31-60 Days","Follow-up call required",IF(I14="61-90 Days","Escalate to manager","Legal action / write-off review"))))) -> Legal action / write-off review | L14: =IF(I14="Paid","-",IF(I14="Current (Not Due)","Low",IF(I14="1-30 Days","Low",IF(I14="31-60 Days","Medium",IF(I14="61-90 Days","High","Critical"))))) -> Critical
... A22: INV-1020 | B22: Dabur India | C22: 45731 | D22: 45761 | E22: 37000 | F22: 0 | G22: =E22-F22 -> 37000 | H22: =IF(G22>0, MAX(0, TODAY()-D22), 0) -> 352 | I22: =IF(G22<=0,"Paid",IF(H22<=0,"Current (Not Due)",IF(H22<=30,"1-30 Days",IF(H22<=60,"31-60 Days",IF(H22<=90,"61-90 Days","90+ Days"))))) -> 90+ Days | J22: =IF(G22<=0,"Paid",IF(H22<=0,"Current","Overdue")) -> Overdue | K22: =IF(I22="Paid","Payment received in full",IF(I22="Current (Not Due)","Within credit period",IF(I22="1-30 Days","Send payment reminder",IF(I22="31-60 Days","Follow-up call required",IF(I22="61-90 Days","Escalate to manager","Legal action / write-off review"))))) -> Legal action / write-off review | L22: =IF(I22="Paid","-",IF(I22="Current (Not Due)","Low",IF(I22="1-30 Days","Low",IF(I22="31-60 Days","Medium",IF(I22="61-90 Days","High","Critical"))))) -> Critical

Sheet Aging Analysis
A1: ACCOUNTS RECEIVABLE — AGING ANALYSIS REPORT
A2: As on Date: | B2: =TODAY() -> 46113
A4: AGING BUCKET SUMMARY
A5: Aging Bucket | B5: No. of Invoices | C5: Outstanding Amount (₹) | D5: % of Total | E5: Cumulative % | F5: Risk Level | G5: Action Required
A6: Current (Not Due) | B6: =COUNTIF('Invoice Data'!I$3:I$22,A6) -> 0 | C6: =SUMIF('Invoice Data'!I$3:I$22,A6,'Invoice Data'!G$3:G$22) -> 0 | D6: =IFERROR(C6/SUM($C$6:$C$11),0) -> 0 | E6: =IFERROR(SUM($C$6:C6)/SUM($C$6:$C$11),0) -> 0 | F6: Low | G6: Within credit period
A7: 1-30 Days | B7: =COUNTIF('Invoice Data'!I$3:I$22,A7) -> 0 | C7: =SUMIF('Invoice Data'!I$3:I$22,A7,'Invoice Data'!G$3:G$22) -> 0 | D7: =IFERROR(C7/SUM($C$6:$C$11),0) -> 0 | E7: =IFERROR(SUM($C$6:C7)/SUM($C$6:$C$11),0) -> 0 | F7: Low | G7: Send reminders
A8: 31-60 Days | B8: =COUNTIF('Invoice Data'!I$3:I$22,A8) -> 0 | C8: =SUMIF('Invoice Data'!I$3:I$22,A8,'Invoice Data'!G$3:G$22) -> 0 | D8: =IFERROR(C8/SUM($C$6:$C$11),0) -> 0 | E8: =IFERROR(SUM($C$6:C8)/SUM($C$6:$C$11),0) -> 0 | F8: Medium | G8: Follow-up calls
A9: 61-90 Days | B9: =COUNTIF('Invoice Data'!I$3:I$22,A9) -> 0 | C9: =SUMIF('Invoice Data'!I$3:I$22,A9,'Invoice Data'!G$3:G$22) -> 0 | D9: =IFERROR(C9/SUM($C$6:$C$11),0) -> 0 | E9: =IFERROR(SUM($C$6:C9)/SUM($C$6:$C$11),0) -> 0 | F9: High | G9: Escalate to manager
A10: 90+ Days | B10: =COUNTIF('Invoice Data'!I$3:I$22,A10) -> 14 | C10: =SUMIF('Invoice Data'!I$3:I$22,A10,'Invoice Data'!G$3:G$22) -> 927500 | D10: =IFERROR(C10/SUM($C$6:$C$11),0) -> 1 | E10: =IFERROR(SUM($C$6:C10)/SUM($C$6:$C$11),0) -> 1 | F10: Critical | G10: Legal / write-off
A11: Paid | B11: =COUNTIF('Invoice Data'!I$3:I$22,A11) -> 6 | C11: =SUMIF('Invoice Data'!I$3:I$22,A11,'Invoice Data'!G$3:G$22) -> 0 | D11: =IFERROR(C11/SUM($C$6:$C$11),0) -> 0 | E11: =IFERROR(SUM($C$6:C11)/SUM($C$6:$C$11),0) -> 1 | F11: - | G11: No action needed
A13: TOTAL | B13: =SUM(B6:B11) -> 20 | C13: =SUM(C6:C11) -> 927500
A15: KEY METRICS
A16: Total Receivables (₹) | B16: =SUMIF('Invoice Data'!J$3:J$22,"Overdue",'Invoice Data'!G$3:G$22)+SUMIF('Invoice Data'!J$3:J$22,"Current",'Invoice Data'!G$3:G$22) -> 927500
A17: Total Overdue (₹) | B17: =SUMIF('Invoice Data'!J$3:J$22,"Overdue",'Invoice Data'!G$3:G$22) -> 927500
A18: No. of Overdue Invoices | B18: =COUNTIF('Invoice Data'!J$3:J$22,"Overdue") -> 14
A19: Collection Efficiency (%) | B19: =IFERROR(SUMIF('Invoice Data'!J$3:J$22,"Paid",'Invoice Data'!E$3:E$22)/SUM('Invoice Data'!E$3:E$22),0) -> 0.30891817
A20: Avg Days Overdue | B20: =IFERROR(AVERAGEIF('Invoice Data'!H$3:H$22,">0",'Invoice Data'!H$3:H$22),0) -> 420.42857
A21: Critical Accounts (90+ days) | B21: =COUNTIF('Invoice Data'!I$3:I$22,"90+ Days") -> 14

Sheet Customer Ledger
A1: CUSTOMER-WISE OUTSTANDING LEDGER
A2: Customer Name | B2: Total Invoices | C2: Total Invoiced (₹) | D2: Total Paid (₹) | E2: Balance Due (₹) | F2: Overdue Amount (₹) | G2: Oldest Due Date | H2: Credit Risk
A3: Britannia Inds | B3: =COUNTIF('Invoice Data'!B$3:B$22,A3) -> 1 | C3: =SUMIF('Invoice Data'!B$3:B$22,A3,'Invoice Data'!E$3:E$22) -> 89000 | D3: =SUMIF('Invoice Data'!B$3:B$22,A3,'Invoice Data'!F$3:F$22) -> 0 | E3: =C3-D3 -> 89000 | F3: =SUMIFS('Invoice Data'!G$3:G$22,'Invoice Data'!B$3:B$22,A3,'Invoice Data'!J$3:J$22,"Overdue") -> 89000 | G3: =IFERROR(_xludf.minifs('Invoice Data'!D$3:D$22,'Invoice Data'!B$3:B$22,A3,'Invoice Data'!G$3:G$22,">0"),"") | H3: =IF(F3=0,"Low",IF(F3<50000,"Medium",IF(F3<100000,"High","Critical"))) -> High
A4: Colgate Palmolive | B4: =COUNTIF('Invoice Data'!B$3:B$22,A4) -> 1 | C4: =SUMIF('Invoice Data'!B$3:B$22,A4,'Invoice Data'!E$3:E$22) -> 47000 | D4: =SUMIF('Invoice Data'!B$3:B$22,A4,'Invoice Data'!F$3:F$22) -> 47000 | E4: =C4-D4 -> 0 | F4: =SUMIFS('Invoice Data'!G$3:G$22,'Invoice Data'!B$3:B$22,A4,'Invoice Data'!J$3:J$22,"Overdue") -> 0 | G4: =IFERROR(_xludf.minifs('Invoice Data'!D$3:D$22,'Invoice Data'!B$3:B$22,A4,'Invoice Data'!G$3:G$22,">0"),"") | H4: =IF(F4=0,"Low",IF(F4<50000,"Medium",IF(F4<100000,"High","Critical"))) -> Low
A5: Dabur India | B5: =COUNTIF('Invoice Data'!B$3:B$22,A5) -> 2 | C5: =SUMIF('Invoice Data'!B$3:B$22,A5,'Invoice Data'!E$3:E$22) -> 80000 | D5: =SUMIF('Invoice Data'!B$3:B$22,A5,'Invoice Data'!F$3:F$22) -> 43000 | E5: =C5-D5 -> 37000 | F5: =SUMIFS('Invoice Data'!G$3:G$22,'Invoice Data'!B$3:B$22,A5,'Invoice Data'!J$3:J$22,"Overdue") -> 37000 | G5: =IFERROR(_xludf.minifs('Invoice Data'!D$3:D$22,'Invoice Data'!B$3:B$22,A5,'Invoice Data'!G$3:G$22,">0"),"") | H5: =IF(F5=0,"Low",IF(F5<50000,"Medium",IF(F5<100000,"High","Critical"))) -> Medium
A6: Emami Ltd | B6: =COUNTIF('Invoice Data'!B$3:B$22,A6) -> 2 | C6: =SUMIF('Invoice Data'!B$3:B$22,A6,'Invoice Data'!E$3:E$22) -> 105000 | D6: =SUMIF('Invoice Data'!B$3:B$22,A6,'Invoice Data'!F$3:F$22) -> 20000 | E6: =C6-D6 -> 85000 | F6: =SUMIFS('Invoice Data'!G$3:G$22,'Invoice Data'!B$3:B$22,A6,'Invoice Data'!J$3:J$22,"Overdue") -> 85000 | G6: =IFERROR(_xludf.minifs('Invoice Data'!D$3:D$22,'Invoice Data'!B$3:B$22,A6,'Invoice Data'!G$3:G$22,">0"),"") | H6: =IF(F6=0,"Low",IF(F6<50000,"Medium",IF(F6<100000,"High","Critical"))) -> High
A7: Godrej Consumer | B7: =COUNTIF('Invoice Data'!B$3:B$22,A7) -> 1 | C7: =SUMIF('Invoice Data'!B$3:B$22,A7,'Invoice Data'!E$3:E$22) -> 61000 | D7: =SUMIF('Invoice Data'!B$3:B$22,A7,'Invoice Data'!F$3:F$22) -> 30000 | E7: =C7-D7 -> 31000 | F7: =SUMIFS('Invoice Data'!G$3:G$22,'Invoice Data'!B$3:B$22,A7,'Invoice Data'!J$3:J$22,"Overdue") -> 31000 | G7: =IFERROR(_xludf.minifs('Invoice Data'!D$3:D$22,'Invoice Data'!B$3:B$22,A7,'Invoice Data'!G$3:G$22,">0"),"") | H7: =IF(F7=0,"Low",IF(F7<50000,"Medium",IF(F7<100000,"High","Critical"))) -> Medium
A8: Hindustan Foods | B8: =COUNTIF('Invoice Data'!B$3:B$22,A8) -> 2 | C8: =SUMIF('Invoice Data'!B$3:B$22,A8,'Invoice Data'!E$3:E$22) -> 125500 | D8: =SUMIF('Invoice Data'!B$3:B$22,A8,'Invoice Data'!F$3:F$22) -> 0 | E8: =C8-D8 -> 125500 | F8: =SUMIFS('Invoice Data'!G$3:G$22,'Invoice Data'!B$3:B$22,A8,'Invoice Data'!J$3:J$22,"Overdue") -> 125500 | G8: =IFERROR(_xludf.minifs('Invoice Data'!D$3:D$22,'Invoice Data'!B$3:B$22,A8,'Invoice Data'!G$3:G$22,">0"),"") | H8: =IF(F8=0,"Low",IF(F8<50000,"Medium",IF(F8<100000,"High","Critical"))) -> Critical
A9: ITC Ltd | B9: =COUNTIF('Invoice Data'!B$3:B$22,A9) -> 2 | C9: =SUMIF('Invoice Data'!B$3:B$22,A9,'Invoice Data'!E$3:E$22) -> 174000 | D9: =SUMIF('Invoice Data'!B$3:B$22,A9,'Invoice Data'!F$3:F$22) -> 0 | E9: =C9-D9 -> 174000 | F9: =SUMIFS('Invoice Data'!G$3:G$22,'Invoice Data'!B$3:B$22,A9,'Invoice Data'!J$3:J$22,"Overdue") -> 174000 | G9: =IFERROR(_xludf.minifs('Invoice Data'!D$3:D$22,'Invoice Data'!B$3:B$22,A9,'Invoice Data'!G$3:G$22,">0"),"") | H9: =IF(F9=0,"Low",IF(F9<50000,"Medium",IF(F9<100000,"High","Critical"))) -> Critical
A10: Marico Ltd | B10: =COUNTIF('Invoice Data'!B$3:B$22,A10) -> 2 | C10: =SUMIF('Invoice Data'!B$3:B$22,A10,'Invoice Data'!E$3:E$22) -> 136000 | D10: =SUMIF('Invoice Data'!B$3:B$22,A10,'Invoice Data'!F$3:F$22) -> 50000 | E10: =C10-D10 -> 86000 | F10: =SUMIFS('Invoice Data'!G$3:G$22,'Invoice Data'!B$3:B$22,A10,'Invoice Data'!J$3:J$22,"Overdue") -> 86000 | G10: =IFERROR(_xludf.minifs('Invoice Data'!D$3:D$22,'Invoice Data'!B$3:B$22,A10,'Invoice Data'!G$3:G$22,">0"),"") | H10: =IF(F10=0,"Low",IF(F10<50000,"Medium",IF(F10<100000,"High","Critical"))) -> High
A11: Nestle India | B11: =COUNTIF('Invoice Data'!B$3:B$22,A11) -> 1 | C11: =SUMIF('Invoice Data'!B$3:B$22,A11,'Invoice Data'!E$3:E$22) -> 155000 | D11: =SUMIF('Invoice Data'!B$3:B$22,A11,'Invoice Data'!F$3:F$22) -> 155000 | E11: =C11-D11 -> 0 | F11: =SUMIFS('Invoice Data'!G$3:G$22,'Invoice Data'!B$3:B$22,A11,'Invoice Data'!J$3:J$22,"Overdue") -> 0 | G11: =IFERROR(_xludf.minifs('Invoice Data'!D$3:D$22,'Invoice Data'!B$3:B$22,A11,'Invoice Data'!G$3:G$22,">0"),"") | H11: =IF(F11=0,"Low",IF(F11<50000,"Medium",IF(F11<100000,"High","Critical"))) -> Low
A12: P&G India | B12: =COUNTIF('Invoice Data'!B$3:B$22,A12) -> 1 | C12: =SUMIF('Invoice Data'!B$3:B$22,A12,'Invoice Data'!E$3:E$22) -> 112000 | D12: =SUMIF('Invoice Data'!B$3:B$22,A12,'Invoice Data'!F$3:F$22) -> 0 | E12: =C12-D12 -> 112000 | F12: =SUMIFS('Invoice Data'!G$3:G$22,'Invoice Data'!B$3:B$22,A12,'Invoice Data'!J$3:J$22,"Overdue") -> 112000 | G12: =IFERROR(_xludf.minifs('Invoice Data'!D$3:D$22,'Invoice Data'!B$3:B$22,A12,'Invoice Data'!G$3:G$22,">0"),"") | H12: =IF(F12=0,"Low",IF(F12<50000,"Medium",IF(F12<100000,"High","Critical"))) -> Critical
A13: Reliance Retail | B13: =COUNTIF('Invoice Data'!B$3:B$22,A13) -> 2 | C13: =SUMIF('Invoice Data'!B$3:B$22,A13,'Invoice Data'!E$3:E$22) -> 139000 | D13: =SUMIF('Invoice Data'!B$3:B$22,A13,'Invoice Data'!F$3:F$22) -> 139000 | E13: =C13-D13 -> 0 | F13: =SUMIFS('Invoice Data'!G$3:G$22,'Invoice Data'!B$3:B$22,A13,'Invoice Data'!J$3:J$22,"Overdue") -> 0 | G13: =IFERROR(_xludf.minifs('Invoice Data'!D$3:D$22,'Invoice Data'!B$3:B$22,A13,'Invoice Data'!G$3:G$22,">0"),"") | H13: =IF(F13=0,"Low",IF(F13<50000,"Medium",IF(F13<100000,"High","Critical"))) -> Low
A14: Tata Consumer | B14: =COUNTIF('Invoice Data'!B$3:B$22,A14) -> 2 | C14: =SUMIF('Invoice Data'!B$3:B$22,A14,'Invoice Data'!E$3:E$22) -> 208000 | D14: =SUMIF('Invoice Data'!B$3:B$22,A14,'Invoice Data'!F$3:F$22) -> 120000 | E14: =C14-D14 -> 88000 | F14: =SUMIFS('Invoice Data'!G$3:G$22,'Invoice Data'!B$3:B$22,A14,'Invoice Data'!J$3:J$22,"Overdue") -> 88000 | G14: =IFERROR(_xludf.minifs('Invoice Data'!D$3:D$22,'Invoice Data'!B$3:B$22,A14,'Invoice Data'!G$3:G$22,">0"),"") | H14: =IF(F14=0,"Low",IF(F14<50000,"Medium",IF(F14<100000,"High","Critical"))) -> High
A15: Varun Beverages | B15: =COUNTIF('Invoice Data'!B$3:B$22,A15) -> 1 | C15: =SUMIF('Invoice Data'!B$3:B$22,A15,'Invoice Data'!E$3:E$22) -> 200000 | D15: =SUMIF('Invoice Data'!B$3:B$22,A15,'Invoice Data'!F$3:F$22) -> 100000 | E15: =C15-D15 -> 100000 | F15: =SUMIFS('Invoice Data'!G$3:G$22,'Invoice Data'!B$3:B$22,A15,'Invoice Data'!J$3:J$22,"Overdue") -> 100000 | G15: =IFERROR(_xludf.minifs('Invoice Data'!D$3:D$22,'Invoice Data'!B$3:B$22,A15,'Invoice Data'!G$3:G$22,">0"),"") | H15: =IF(F15=0,"Low",IF(F15<50000,"Medium",IF(F15<100000,"High","Critical"))) -> Critical
A16: TOTAL | C16: =SUM(C3:C15) -> 1631500 | D16: =SUM(D3:D15) -> 704000 | E16: =SUM(E3:E15) -> 927500 | F16: =SUM(F3:F15) -> 927500

Sheet MIS Report
A1: MONTHLY MIS REPORT — ACCOUNTS RECEIVABLE
A2: Report Period: | B2: March 2025
A4: EXECUTIVE SUMMARY
A5: Metric | B5: Value | C5: Benchmark | D5: Variance
A6: Total Invoices Raised | B6: 20 | C6: 20 | D6: Within target
A7: Gross Invoiced Amount | B7: =SUM('Invoice Data'!E3:E22) -> 1631500 | C7: ₹15,00,000 | D7: Review needed
A8: Total Amount Collected | B8: =SUM('Invoice Data'!F3:F22) -> 704000 | C8: ₹12,00,000 | D8: Within target
A9: Total Outstanding Balance | B9: =SUM('Invoice Data'!G3:G22) -> 927500 | C9: ₹3,00,000 | D9: Review needed
A10: Total Overdue Amount | B10: =SUMIF('Invoice Data'!J3:J22,"Overdue",'Invoice Data'!G3:G22) -> 927500 | C10: ₹2,00,000 | D10: Within target
A11: Collection Efficiency | B11: =IFERROR(SUM('Invoice Data'!F3:F22)/SUM('Invoice Data'!E3:E22),0) -> 0.43150475 | C11: 80% | D11: Review needed
A12: No. of Overdue Accounts | B12: =COUNTIF('Invoice Data'!J3:J22,"Overdue") -> 14 | C12: 5 | D12: Within target
A13: No. of Critical Accounts (90+d) | B13: =COUNTIF('Invoice Data'!I3:I22,"90+ Days") -> 14 | C13: 0 | D13: Review needed
A16: COLLECTION ACTION PLAN — TOP 5 OVERDUE ACCOUNTS
A17: Customer | B17: Outstanding (₹) | C17: Days Overdue | D17: Aging Bucket | E17: Action | F17: Target Date
A18: ITC Ltd | B18: 96000 | C18: 173 | D18: 90+ Days | E18: Send legal notice | F18: 10-Apr-2025
A19: Hindustan Foods | B19: 58000 | C19: 107 | D19: 90+ Days | E19: Final payment reminder | F19: 05-Apr-2025
A20: Emami Ltd | B20: 53000 | C20: 92 | D20: 90+ Days | E20: Escalate to management | F20: 07-Apr-2025
A21: Marico Ltd | B21: 41000 | C21: 152 | D21: 90+ Days | E21: Recovery agent assigned | F21: 15-Apr-2025
A22: Britannia Inds | B22: 89000 | C22: 12 | D22: 1-30 Days | E22: Send payment reminder | F22: 05-Apr-2025
